,building,geometry,osm_id,area,category
443,commercial,"MultiPolygon (((909833.06690711434930563 7011486.72337915655225515, 909884.09576169401407242 7011476.53204506263136864, 909872.91928481834474951 7011420.58203866053372622, 909849.49766395543701947 7011425.25999362301081419, 909852.09140809101518244 7011438.23576402477920055, 909854.81873561523389071 7011451.91696399915963411, 909823.5268267533974722 7011458.15426241420209408, 909829.38223196915350854 7011487.46591767203062773, 909833.06690711434930563 7011486.72337915655225515)))",239222208,2316.19,commercial
311,commercial,"MultiPolygon (((908276.59778684272896498 7013508.44797456078231335, 908291.33648742386139929 7013530.97119866218417883, 908307.02140367671381682 7013520.70297730527818203, 908314.98074726830236614 7013532.86515775136649609, 908334.38373451353982091 7013520.16449951380491257, 908329.08492675179149956 7013512.06876886729151011, 908334.4393942590104416 7013508.55938359443098307, 908338.92556973802857101 7013515.41104199178516865, 908359.30816850217524916 7013502.07909421343356371, 908352.67352685076184571 7013491.9408870181068778, 908358.35082088143099099 7013488.22726123593747616, 908377.78720397385768592 7013475.26672081556171179, 908360.20985637768171728 7013448.90007040649652481, 908343.36721742060035467 7013460.11517020594328642, 908335.91994348634034395 7013464.9985712394118309, 908328.18323887651786208 7013453.18928717449307442, 908311.22928042849525809 7013464.29298458900302649, 908302.57975599402561784 7013451.09109859727323055, 908277.21004404220730066 7013467.70950998552143574, 908286.6499368614749983 7013482.13691870216280222, 908275.29534880048595369 7013489.56416632141917944, 908284.34562340204138309 7013503.37886529881507158, 908276.59778684272896498 7013508.44797456078231335)))",108566847,5203.66,commercial
512,commercial,"MultiPolygon (((909983.84915739379357547 7011452.06547104381024837, 910059.61320282774977386 7011436.95489304885268211, 910058.48887597071006894 7011375.93740819022059441, 910016.89991421042941511 7011377.66378634236752987, 910017.90178962762001902 7011403.20680140145123005, 910034.83348417724482715 7011403.15111160092055798, 910035.15631070046219975 7011416.55380186438560486, 910002.78460277779959142 7011421.90003363043069839, 910001.90517880045808852 7011413.08246579580008984, 910014.39522566762752831 7011410.76205482706427574, 910012.235627546091564 7011391.77183686476200819, 910009.57509171625133604 7011386.11005042959004641, 909972.88418755063321441 7011393.72097738832235336, 909983.84915739379357547 7011452.06547104381024837)))",409810219,4536.12,commercial
519,commercial,"MultiPolygon (((909722.14816648792475462 7012417.75393724255263805, 909724.55266748904250562 7012413.87372138630598783, 909727.99243975465651602 7012415.9902025293558836, 909735.13915106351487339 7012404.42382560390979052, 909732.38955964101478457 7012402.71579063031822443, 909734.33765072980895638 7012399.5596400024369359, 909728.10375924536492676 7012395.69799858797341585, 909725.58793875353876501 7012399.76386147551238537, 909721.44685369590297341 7012397.20181064400821924, 909715.58031653112266213 7012406.7073946800082922, 909719.84385302849113941 7012409.3437110111117363, 909716.72690728632733226 7012414.41212442703545094, 909722.14816648792475462 7012417.75393724255263805)))",512398162,254.43,commercial
555,commercial,"MultiPolygon (((909605.39628454390913248 7012067.33536310959607363, 909601.5780260096071288 7012076.71059986017644405, 909599.75238636077847332 7012081.20329148415476084, 909619.90121419413480908 7012089.39039305690675974, 909629.31884311535395682 7012066.25860395096242428, 909609.17001528199762106 7012058.07152613997459412, 909605.39628454390913248 7012067.33536310959607363)))",844439725,543.23,commercial
554,commercial,"MultiPolygon (((909601.5780260096071288 7012076.71059986017644405, 909605.39628454390913248 7012067.33536310959607363, 909580.89486462040804327 7012057.58884153887629509, 909570.51988807856105268 7012082.37287690583616495, 909583.23257392691448331 7012087.70099045429378748, 909589.83381973090581596 7012071.93943839147686958, 909601.5780260096071288 7012076.71059986017644405)))",831288892,499.39,commercial
6,commercial,"MultiPolygon (((909813.09619046607986093 7011705.36683299951255322, 909820.12045033520553261 7011695.47224248852580786, 909798.49107327405363321 7011578.68730022665113211, 909740.64946585788857192 7011588.3589813681319356, 909754.74251339223701507 7011664.34056222252547741, 909723.85135469713713974 7011696.73459106404334307, 909674.98209823877550662 7011705.06980946660041809, 909687.22724222613032907 7011769.39422687329351902, 909705.69514574867207557 7011766.44253228232264519, 909706.84173650364391506 7011775.6503378814086318, 909737.74402714800089598 7011786.00913189817219973, 909734.97217182733584195 7011771.91894764080643654, 909738.50099968537688255 7011771.26920324936509132, 909735.87385970284231007 7011753.50335570331662893, 909761.46621063607744873 7011749.54920693580061197, 909754.94288847560528666 7011715.33569177053868771, 909813.09619046607986093 7011705.36683299951255322)))",24449786,13488.63,commercial
75,industrial,"MultiPolygon (((910396.98918357503134757 7011034.43746174685657024, 910421.12324917886871845 7011064.41580797359347343, 910436.41854721389245242 7011052.09033185057342052, 910412.27334966079797596 7011022.11203198134899139, 910396.98918357503134757 7011034.43746174685657024)))",89416516,755.89,commercial
79,industrial,"MultiPolygon (((910335.34044957370497286 7011084.07349683437496424, 910396.98918357503134757 7011034.43746174685657024, 910412.27334966079797596 7011022.11203198134899139, 910418.42931750183925033 7011017.15587809961289167, 910387.31551982497330755 7010978.52768320869654417, 910371.75305501208640635 7010991.07579326350241899, 910304.22665189695544541 7011045.46354006696492434, 910335.34044957370497286 7011084.07349683437496424)))",89416522,5291.23,commercial
57,residential,"MultiPolygon (((909526.88264768745284528 7012077.26754496712237597, 909518.63387341960333288 7012097.52180838584899902, 909533.68426857504528016 7012103.66678757593035698, 909541.94417479168623686 7012083.39394368790090084, 909526.88264768745284528 7012077.26754496712237597)))",88454020,355.73,commercial
19,retail,"MultiPolygon (((909116.82617140130605549 7012446.10370562225580215, 909165.33920548902824521 7012440.05129080638289452, 909166.730699124163948 7012451.19070812966674566, 909178.80886387510690838 7012449.48266312759369612, 909234.00106741022318602 7012442.63192110136151314, 909259.03682088979985565 7012439.6799771673977375, 909257.71211894939187914 7012429.09754562564194202, 909285.46406800416298211 7012425.62576851341873407, 909282.02429573854897171 7012398.07439308054745197, 909296.6628087778808549 7012403.97825122717767954, 909327.63189111661631614 7012327.1727402089163661, 909274.79966078605502844 7012305.87823236454278231, 909273.07420867879409343 7012317.50016246270388365, 909141.99550826963968575 7012333.15080756414681673, 909112.19528058415744454 7012408.93526757787913084, 909116.82617140130605549 7012446.10370562225580215)))",28479539,21296.72,commercial
21,retail,"MultiPolygon (((909727.35791865712963045 7012846.91004365310072899, 909750.00030308437999338 7012861.00212858151644468, 909762.34563461341895163 7012868.68873086385428905, 909798.9697470844257623 7012891.47008117847144604, 909843.65339068870525807 7012819.65427684038877487, 909772.04156226152554154 7012775.09464086592197418, 909727.35791865712963045 7012846.91004365310072899)))",28932595,7134.19,commercial
520,roof,"MultiPolygon (((909722.60457640024833381 7012452.08186218794435263, 909728.62696085218340158 7012442.31630440428853035, 909731.28749668214004487 7012443.95008509792387486, 909737.76629104616586119 7012433.4604762215167284, 909739.78117382968775928 7012434.68581035360693932, 909745.39167616539634764 7012425.60720286518335342, 909747.92976055562030524 7012427.1667175218462944, 909754.01893670205026865 7012417.30836211983114481, 909749.93351138988509774 7012414.78343689348548651, 909756.22306261968333274 7012404.59091600310057402, 909753.58479068789165467 7012402.95714337565004826, 909760.00792530667968094 7012392.56041630916297436, 909756.44570160144940019 7012390.35111355688422918, 909762.20091927528847009 7012381.0126389367505908, 909753.94101305853109807 7012375.92568122316151857, 909748.56428165314719081 7012384.63292103726416826, 909750.77953952003736049 7012385.98820655513554811, 909744.211689563235268 7012396.64484318252652884, 909738.35628434747923166 7012393.04312119260430336, 909734.33765072980895638 7012399.5596400024369359, 909732.38955964101478457 7012402.71579063031822443, 909735.13915106351487339 7012404.42382560390979052, 909727.99243975465651602 7012415.9902025293558836, 909724.55266748904250562 7012413.87372138630598783, 909722.14816648792475462 7012417.75393724255263805, 909718.95329710224177688 7012422.93374987132847309, 909726.41170298540964723 7012427.53803058248013258, 909720.52290192234795541 7012437.08078215178102255, 909717.88462999067269266 7012435.44700286071747541, 909711.7509260477963835 7012445.37964348681271076, 909722.60457640024833381 7012452.08186218794435263)))",512398163,1325.99,commercial
405,roof,"MultiPolygon (((910289.13172894541639835 7011021.46234871260821819, 910301.47706047433894128 7011011.58716954290866852, 910295.79976644390262663 7011003.9394828025251627, 910348.56520507985260338 7010962.28570618387311697, 910364.1276698928559199 7010949.73764145374298096, 910371.75305501208640635 7010943.61211407091468573, 910364.59521175408735871 7010934.14539919514209032, 910274.50434785499237478 7011005.7957167774438858, 910282.28558026149403304 7011014.98408129997551441, 910243.15677924768533558 7011046.22459990996867418, 910248.22181607875972986 7011056.26688412483781576, 910250.3925461492035538 7011054.78188751358538866, 910251.98441486770752817 7011057.86325579881668091, 910260.15526549168862402 7011053.16695401072502136, 910257.02718780061695725 7011048.13653105217963457, 910289.13172894541639835 7011021.46234871260821819)))",156339358,2086.01,commercial
56,shop,"MultiPolygon (((909809.90132108028046787 7011725.89861159864813089, 909807.84191050066147 7011749.4192584166303277, 909822.09080532216466963 7011750.66305145993828773, 909818.13896339898929 7011795.92239899095147848, 909881.91389967442955822 7011801.49165557418018579, 909887.80270073749125004 7011734.04822011850774288, 909809.90132108028046787 7011725.89861159864813089)))",88453867,4704.98,commercial
444,shop,"MultiPolygon (((909634.85142180789262056 7011999.22135037370026112, 909553.30989480181597173 7011965.15528001543134451, 909549.22446948965080082 7011974.95738233905285597, 909532.07013595849275589 7012016.00381677132099867, 909635.33009561826474965 7012059.12971939332783222, 909652.87404736736789346 7012017.13626323733478785, 909631.15561471343971789 7012008.07669604849070311, 909634.85142180789262056 7011999.22135037370026112)))",239913374,5940.09,commercial
310,shop,"MultiPolygon (((908183.75733152125030756 7013606.33997700642794371, 908284.59052628185600042 7013547.05129702296108007, 908247.0535939863184467 7013483.19530106149613857, 908146.22039922571275383 7013542.50207421649247408, 908183.75733152125030756 7013606.33997700642794371)))",108566846,8663.75,commercial
42,supermarket,"MultiPolygon (((910112.71259993617422879 7012680.33197667077183723, 910167.54858110100030899 7012592.84832302667200565, 910149.6484069813741371 7012581.83866979274898767, 910154.92495084495749325 7012573.24261047225445509, 910147.51107275811955333 7012568.67537753935903311, 910151.64102586649823934 7012561.95449481997638941, 910142.83565414475742728 7012556.5332344314083457, 910127.86318263306748122 7012580.14916279911994934, 910090.23719474510289729 7012642.15987388230860233, 910083.84745597327128053 7012638.31668105348944664, 910078.59317600808572024 7012646.93137672916054726, 910073.66172256588470191 7012653.44810313824564219, 910075.76566094195004553 7012657.62549466267228127, 910112.71259993617422879 7012680.33197667077183723)))",88382581,4536.57,commercial
409,yes,"MultiPolygon (((909688.84137484256643802 7011674.27224188111722469, 909702.87876263167709112 7011681.1223234748467803, 909725.32077197544276714 7011635.12107551191002131, 909709.23510555597022176 7011627.28715256135910749, 909705.65061795245856047 7011634.6384165296331048, 909697.01222546666394919 7011630.42443357594311237, 909684.47765080351382494 7011656.11676955409348011, 909695.15318997052963823 7011661.33321493305265903, 909688.84137484256643802 7011674.27224188111722469)))",165585672,1157.67,commercial
436,yes,"MultiPolygon (((909381.82221923465840518 7012800.73496763128787279, 909376.47888367669656873 7012809.72116974368691444, 909490.53683394356630743 7012877.5264759873971343, 909520.04763095290400088 7012827.8792702229693532, 909504.39611054724082351 7012818.57741603348404169, 909524.51154253352433443 7012784.74920751433819532, 909426.1051126723177731 7012726.24642619024962187, 909381.82221923465840518 7012800.73496763128787279)))",237651802,12168.95,commercial
435,yes,"MultiPolygon (((909381.82221923465840518 7012800.73496763128787279, 909426.1051126723177731 7012726.24642619024962187, 909388.37893724243622273 7012703.81830781325697899, 909344.09604380500968546 7012778.30663962475955486, 909381.82221923465840518 7012800.73496763128787279)))",237651801,3803.35,commercial
429,yes,"MultiPolygon (((909629.43016260606236756 7013005.04360360559076071, 909666.04314312827773392 7012943.79130992572754622, 909637.81252026290167123 7012926.91405559796839952, 909625.03304271993692964 7012948.28449036926031113, 909636.03140841028653085 7012954.85716384556144476, 909620.32422825926914811 7012981.14791196212172508, 909614.1459965204121545 7012977.45309113431721926, 909617.49671319336630404 7012971.86444579716771841, 909605.02893022424541414 7012964.41911375522613525, 909593.37377953820396215 7012983.93295392207801342, 909597.77089942456223071 7012986.55089424923062325, 909602.31273464905098081 7012978.95701297372579575, 909610.13849485164973885 7012983.63588272966444492, 909611.63017602835316211 7012994.38615341298282146, 909629.43016260606236756 7013005.04360360559076071)))",201377962,2085.88,commercial
428,yes,"MultiPolygon (((910263.16089174314402044 7012393.24734249990433455, 910270.65269347361754626 7012372.69527910370379686, 910259.69885557959787548 7012368.70369208697229624, 910252.20705384924076498 7012389.23717962671071291, 910263.16089174314402044 7012393.24734249990433455)))",201377961,255.0,commercial
427,yes,"MultiPolygon (((909487.57573548844084144 7011952.19721627421677113, 909502.88216547237243503 7011911.03972374927252531, 909499.89880311908200383 7011905.24761737044900656, 909444.9737663617124781 7011885.73641820065677166, 909436.82517963577993214 7011870.47650313097983599, 909447.1556283812969923 7011864.81437662523239851, 909449.17051116470247507 7011857.46290034987032413, 909442.80303629126865417 7011855.84780419431626797, 909431.79353865177836269 7011861.06438030488789082, 909423.06609057367313653 7011844.70921895280480385, 909429.64507247961591929 7011818.84919689781963825, 909426.65057817718479782 7011813.09428596217185259, 909382.51240007765591145 7011802.32704439852386713, 909377.89264120964799076 7011805.09311023727059364, 909353.22424204985145479 7011905.78598605841398239, 909356.20760440325830132 7011910.77982145547866821, 909479.80563503096345812 7011955.59452894143760204, 909487.57573548844084144 7011952.19721627421677113)))",201377960,11583.4,commercial
426,yes,"MultiPolygon (((909890.91964647953864187 7012169.18258531112223864, 909884.65235914790537208 7012156.92966068722307682, 909871.80608991044573486 7012163.79872217029333115, 909866.44049045431893319 7012162.01647862140089273, 909860.7631964236497879 7012168.58850368112325668, 909850.00973361311480403 7012167.08473476115614176, 909847.02637125982437283 7012171.55891226883977652, 909838.96684012631885707 7012169.7766669848933816, 909835.98347777326125652 7012174.84492805413901806, 909829.115065191173926 7012174.54788702726364136, 909825.83114021283108741 7012179.63471620064228773, 909818.96272763062734157 7012179.33767499309033155, 909816.26879595371428877 7012185.00002495385706425, 909809.70094599691219628 7012185.00002495385706425, 909805.5264650919707492 7012190.68094403669238091, 909802.24254011386074126 7012189.17717094253748655, 909796.56524608319159597 7012196.64034389518201351, 909787.24780470388941467 7012191.46067834086716175, 909775.90434859204106033 7012206.98111996054649353, 909784.03067142004147172 7012212.17936075385659933, 909766.10823340225033462 7012240.84400658216327429, 909770.29384625609964132 7012242.92331132385879755, 909761.33262724720407277 7012258.46241842024028301, 909765.51824010093696415 7012259.94763932377099991, 909758.04870226874481887 7012273.68594579119235277, 909761.63318987225648016 7012276.06230390816926956, 909754.16365204018075019 7012288.9095022464171052, 909758.6498275191988796 7012291.60147561691701412, 909750.59029638569336385 7012305.02422538865357637, 909771.18440218234900385 7012317.87147040944546461, 909791.78963992814533412 7012282.63442301191389561, 909789.39627087616827339 7012277.86313826777040958, 909796.56524608319159597 7012276.37791402544826269, 909801.94197748845908791 7012268.00496754143387079, 909799.54860843648202717 7012261.72990477178245783, 909807.90870219503995031 7012260.54172775894403458, 909811.19262717349920422 7012256.06750029791146517, 909808.81039007043000311 7012249.19835928920656443, 909813.58599622547626495 7012248.90131548885256052, 909816.86992120393551886 7012244.13005093485116959, 909816.26879595371428877 7012237.85500695928931236, 909817.47104645427316427 7012232.76814062055200338, 909822.54721523460466415 7012231.57996792998164892, 909827.02225876424927264 7012225.00789092574268579, 909824.92945233744103462 7012218.4358193427324295, 909827.32282138930168003 7012213.96161551866680384, 909832.98898347071371973 7012215.16835074126720428, 909837.17459632467944175 7012208.5962872700765729, 909834.49179659644141793 7012202.91535541601479053, 909837.47515894973184913 7012197.84707650076597929, 909843.14132103126030415 7012198.14411839749664068, 909850.31029623828362674 7012186.80083873402327299, 909855.98759026860352606 7012187.39492172095924616, 909859.86150854814331979 7012182.92073532287031412, 909863.15656547574326396 7012184.10890075843781233, 909890.91964647953864187 7012169.18258531112223864)))",201377957,6394.26,commercial
368,yes,"MultiPolygon (((909022.12668058357667178 7013447.86026063282042742, 909043.92303688079118729 7013482.73109825514256954, 909178.00736354128457606 7013398.85937872063368559, 909156.19987529492937028 7013364.00747592747211456, 909022.12668058357667178 7013447.86026063282042742)))",120627885,6502.53,commercial
377,yes,"MultiPolygon (((908586.03257540077902377 7013480.96712783072143793, 908595.9511420305352658 7013495.80305966921150684, 908606.00329204928129911 7013489.08139501698315144, 908611.51360684330575168 7013497.32564747799187899, 908616.65656731813214719 7013493.87197310943156481, 908609.63230744923930615 7013483.36241407971829176, 908694.51341917889658362 7013426.59989403747022152, 908686.119929573033005 7013414.02938082255423069, 908586.03257540077902377 7013480.96712783072143793)))",120628098,1931.04,commercial
376,yes,"MultiPolygon (((908789.90309083962347358 7013545.7329505542293191, 908804.48594413348473608 7013568.08916523773223162, 908817.67730379267595708 7013559.47347374726086855, 908830.74621201166883111 7013579.49011613707989454, 908854.71329837956000119 7013563.85559152718633413, 908827.06153686647303402 7013521.48284175619482994, 908789.90309083962347358 7013545.7329505542293191)))",120628097,1868.43,commercial
375,yes,"MultiPolygon (((908750.95240101113449782 7013406.9364264290779829, 908656.10819485515821725 7013471.57167089264839888, 908673.26252838631626219 7013496.75003497768193483, 908768.10673454229254276 7013432.1145863002166152, 908750.95240101113449782 7013406.9364264290779829)))",120628095,3496.79,commercial
374,yes,"MultiPolygon (((908840.01912559475749731 7013301.0813310369849205, 908801.32447059510741383 7013325.86923378705978394, 908804.29670099914073944 7013330.51117171160876751, 908788.83442372793797404 7013340.4263601740822196, 908774.65232060081325471 7013318.29359689820557833, 908674.26440380362328142 7013382.63103634677827358, 908701.54881099716294557 7013425.1887276042252779, 908802.9386032116599381 7013360.21963845659047365, 908794.2890787769574672 7013346.7208401532843709, 908804.56386777712032199 7013340.12927569821476936, 908810.23002985853236169 7013348.9675436494871974, 908853.0991657628910616 7013321.48724686726927757, 908840.01912559475749731 7013301.0813310369849205)))",120628090,7364.8,commercial
373,yes,"MultiPolygon (((908853.17708940664306283 7013291.20332685764878988, 908873.09214630944188684 7013319.40766069479286671, 908887.56368011271115392 7013309.19541506003588438, 908867.63749126065522432 7013280.99111736658960581, 908853.17708940664306283 7013291.20332685764878988)))",120628087,611.44,commercial
372,yes,"MultiPolygon (((908872.8583753788843751 7013517.71349762752652168, 908950.12523393833544105 7013467.83948652632534504, 908867.44824812607839704 7013339.72078455798327923, 908790.18138956662733108 7013389.59399384632706642, 908872.8583753788843751 7013517.71349762752652168)))",120628086,14022.76,commercial
371,yes,"MultiPolygon (((908675.61136964207980782 7013504.62293210998177528, 908689.87139641284011304 7013526.06918898783624172, 908721.8646180669311434 7013504.79004557337611914, 908707.61572324531152844 7013483.3438459662720561, 908675.61136964207980782 7013504.62293210998177528)))",120628085,989.58,commercial
370,yes,"MultiPolygon (((908646.32321161450818181 7013477.92195875477045774, 908630.44905222731176764 7013489.15566752199083567, 908645.17662085930351168 7013509.9891329612582922, 908661.05078024638351053 7013498.75539482850581408, 908646.32321161450818181 7013477.92195875477045774)))",120628082,496.16,commercial
369,yes,"MultiPolygon (((908999.60674759605899453 7013414.53071553260087967, 909059.34078635578043759 7013374.81396331731230021, 908968.89370008604601026 7013238.73127683810889721, 908909.14852937741670758 7013278.42878321744501591, 908999.60674759605899453 7013414.53071553260087967)))",120628080,11721.72,commercial
26,yes,"MultiPolygon (((909711.96243308042176068 7012679.49649581033736467, 909660.38811299588996917 7012764.7531276335939765, 909651.17085915803909302 7012759.18319788295775652, 909633.70483105280436575 7012788.05404263269156218, 909639.96098643529694527 7012791.84160816483199596, 909697.02335741592105478 7012826.33824372477829456, 909724.29663266020361334 7012781.25870898924767971, 909741.54002178413793445 7012752.74065066035836935, 909844.37696737889200449 7012814.93837024737149477, 909868.88951925165019929 7012774.40768175851553679, 909711.96243308042176068 7012679.49649581033736467)))",64861874,14488.77,commercial
27,yes,"MultiPolygon (((909909.76603627088479698 7012819.07871329225599766, 909967.79688682151027024 7012856.97316368110477924, 910004.78835361218079925 7012800.32650413829833269, 909946.76863501046318561 7012762.43232310004532337, 909923.93700744898524135 7012797.37442771159112453, 909909.76603627088479698 7012819.07871329225599766)))",65103444,4689.1,commercial
28,yes,"MultiPolygon (((909070.3836798423435539 7011893.27356464415788651, 909091.83494571840856224 7011910.90977260004729033, 909096.54376017872709781 7011905.15479518845677376, 909109.84643932851031423 7011916.08925582747906446, 909114.76676082180347294 7011910.11150129046291113, 909125.52022363222204149 7011918.94818348903208971, 909134.21427586325444281 7011908.36644335929304361, 909103.38990886264946312 7011883.02601752523332834, 909096.46583653520792723 7011891.45425278227776289, 909093.46021028398536146 7011895.11144133470952511, 909078.78830139734782279 7011883.04458190873265266, 909070.3836798423435539 7011893.27356464415788651)))",73229647,1064.4,commercial
29,yes,"MultiPolygon (((909018.67577636893838644 7011972.93384128902107477, 909034.63899134867824614 7011985.89193874318152666, 909035.2846443954622373 7011985.11222455091774464, 909045.09189153416082263 7011993.07645171321928501, 909051.44823445833753794 7011985.24217690713703632, 909051.75992903264705092 7011985.50208164006471634, 909061.9901902365963906 7011972.91527669504284859, 909051.75992903264705092 7011964.59834274183958769, 909043.73379374644719064 7011974.4932673741132021, 909027.87076630839146674 7011961.60944672208279371, 909018.67577636893838644 7011972.93384128902107477)))",85733821,640.68,commercial
521,yes,"MultiPolygon (((909949.10634431708604097 7012700.60633907094597816, 909965.30333022773265839 7012711.15199851524084806, 909969.82290155394002795 7012704.22676635906100273, 909953.62591564340982586 7012693.66254980769008398, 909949.10634431708604097 7012700.60633907094597816)))",560311780,160.02,commercial
30,yes,"MultiPolygon (((908951.4165400315541774 7012042.92266964167356491, 908963.87319105130154639 7012049.38320786226540804, 908965.52071951527614146 7012047.30395360942929983, 908974.48193852393887937 7012054.43282758817076683, 908990.10006308229640126 7012034.7541805412620306, 908991.81438324064947665 7012036.10940656531602144, 909019.13218628114555031 7012001.70901462156325579, 909004.49367324181366712 7011990.08754501305520535, 908988.97573622514028102 7012009.63612900953739882, 908980.88280924456194043 7012003.21275234222412109, 908973.48006310674827546 7012012.53221960552036762, 908974.38175098225474358 7012013.2562424223870039, 908954.56688162114005536 7012038.20722264051437378, 908954.88970814447384328 7012038.48569384310394526, 908951.4165400315541774 7012042.92266964167356491)))",85733825,1708.85,commercial
31,yes,"MultiPolygon (((909034.40522041812073439 7011932.5002571577206254, 909087.96102743863593787 7011973.89920026063919067, 909093.72737706173211336 7011966.43623588513582945, 909100.58465769467875361 7011971.72714274283498526, 909110.01341856457293034 7011959.53021537233144045, 909056.63572272937744856 7011918.2798626497387886, 909050.83597725920844823 7011925.77991089969873428, 909043.80058544094208628 7011920.3405187651515007, 909034.40522041812073439 7011932.5002571577206254)))",85733827,1731.38,commercial
25,yes,"MultiPolygon (((910121.78513843577820808 7012760.83560996875166893, 910151.08442841260693967 7012712.02461532596498728, 910131.12484371312893927 7012700.04935040697455406, 910128.54223152692429721 7012698.50834863074123859, 910123.83341706625651568 7012695.66770758293569088, 910094.53412708954419941 7012744.47860204242169857, 910101.70310229668393731 7012748.7674396950751543, 910106.80153497494757175 7012751.83089657407253981, 910121.78513843577820808 7012760.83560996875166893)))",55072388,1809.09,commercial
36,yes,"MultiPolygon (((909137.8989510084502399 7012676.97148752026259899, 909166.40787260071374476 7012688.66822383180260658, 909184.5863454471109435 7012644.29498180467635393, 909156.08855580422095954 7012632.61687674932181835, 909137.8989510084502399 7012676.97148752026259899)))",87294863,1477.05,commercial
7,yes,"MultiPolygon (((909970.65779773483518511 7012530.42954597529023886, 909975.53359143144916743 7012539.76819568127393723, 909995.14808570931199938 7012564.57229653373360634, 910038.79645804944448173 7012619.78769044671207666, 910078.59317600808572024 7012646.93137672916054726, 910083.84745597327128053 7012638.31668105348944664, 910090.23719474510289729 7012642.15987388230860233, 910127.86318263306748122 7012580.14916279911994934, 910120.87231861124746501 7012576.58448988292366266, 910176.93281417468097061 7012444.72984418459236622, 910199.15218453714624047 7012453.23293632641434669, 910206.53266677667852491 7012435.37274017557501793, 910210.58469624153804034 7012426.01564714778214693, 910214.55880206299480051 7012416.89991827867925167, 910257.26095873117446899 7012317.42590087093412876, 910317.11744893086142838 7012169.18258531112223864, 910156.76172244304325432 7012103.7596120685338974, 910061.26073129137512296 7012115.99389002099633217, 909983.87142129195854068 7012149.67073998507112265, 909972.33872204576618969 7012156.42840508185327053, 909963.44429473136551678 7012168.55137358233332634, 909931.52899672102648765 7012219.80964176543056965, 909927.98903691372834146 7012235.99848602339625359, 909930.57164910028222948 7012247.95448844507336617, 909935.44744279677979648 7012256.34597911685705185, 909957.68907705752644688 7012269.47162493783980608, 909965.90445547795388848 7012274.53994940780103207, 909973.54097254644148052 7012278.80996886547654867, 910026.76282109471503645 7012313.24868766218423843, 910028.78883582714479417 7012315.82927689794450998, 910033.09690012084320188 7012321.30606976989656687, 910037.17119348398409784 7012334.33899539709091187, 910040.64436159655451775 7012347.61329341307282448, 910038.46249957720283419 7012361.63023348990827799, 909971.70420094823930413 7012520.60819457843899727, 909970.65779773483518511 7012530.42954597529023886)))",24661556,115148.08,commercial
8,yes,"MultiPolygon (((909328.14396077441051602 7012668.02256751898676157, 909283.8610673367511481 7012742.49199837166815996, 909344.09604380500968546 7012778.30663962475955486, 909388.37893724243622273 7012703.81830781325697899, 909328.14396077441051602 7012668.02256751898676157)))",24718094,6071.79,commercial
9,yes,"MultiPolygon (((910027.44186998845543712 7012714.19687461294233799, 910073.02720146835781634 7012743.53171612042933702, 910112.71259993617422879 7012680.33197667077183723, 910075.76566094195004553 7012657.62549466267228127, 910068.71913717465940863 7012652.76115452032536268, 910027.44186998845543712 7012714.19687461294233799)))",25567847,3933.12,commercial
548,yes,"MultiPolygon (((909622.50609027885366231 7011522.8479579808190465, 909647.53071180917322636 7011533.09504201170057058, 909644.17999513645190746 7011541.76423389371484518, 909666.63313642935827374 7011551.6029427470639348, 909690.86738957511261106 7011496.26500431448221207, 909629.00714854116085917 7011510.44751884136348963, 909622.50609027885366231 7011522.8479579808190465)))",768435950,1886.93,commercial
10,yes,"MultiPolygon (((909134.19201196520589292 7011814.6165523212403059, 909142.59663352009374648 7011821.15116243902593851, 909143.48718944622669369 7011820.03730806335806847, 909150.9901231259573251 7011823.9357990575954318, 909141.18287598679307848 7011843.91095427237451077, 909142.0845638622995466 7011844.59783317614346743, 909156.73420885065570474 7011855.88493284210562706, 909157.79174401331692934 7011856.70176304318010807, 909167.9329496247228235 7011835.44564074277877808, 909165.86240709584672004 7011834.44317000173032284, 909171.55083307542372495 7011822.52491638250648975, 909173.62137560395058244 7011823.50882137753069401, 909187.15782568440772593 7011795.14270337671041489, 909184.97596366493962705 7011794.06598099134862423, 909169.39123495388776064 7011786.45467172842472792, 909169.97009630594402552 7011785.69354119896888733, 909162.44489872839767486 7011778.89906215481460094, 909134.19201196520589292 7011814.6165523212403059)))",27029132,1947.51,commercial
540,yes,"MultiPolygon (((910450.68970593356061727 7010930.02459740824997425, 910481.24690615630242974 7010968.41124791745096445, 910493.28054311114829034 7010958.83313018828630447, 910462.72334288829006255 7010920.44652581308037043, 910450.68970593356061727 7010930.02459740824997425)))",701531953,754.61,commercial
18,yes,"MultiPolygon (((908947.17526743258349597 7011859.63492672611027956, 909003.79236044979188591 7011905.04340857360512018, 909016.80560892354696989 7011888.7438501613214612, 909001.71068597212433815 7011876.52848541829735041, 909025.2213624274590984 7011847.06688486412167549, 909040.338549277279526 7011859.05943250004202127, 909053.36292970017530024 7011843.18694684375077486, 909038.27913869766052812 7011830.80457355082035065, 909051.50389420380815864 7011814.24526781588792801, 909062.17943337094038725 7011800.86047297064214945, 909077.14077293348964304 7011812.8715152982622385, 909083.38579636695794761 7011805.20449546072632074, 909089.89798657840583473 7011797.51891881227493286, 909075.14815404848195612 7011784.70964087080210447, 909093.24870325135998428 7011762.09853091835975647, 909105.44931944226846099 7011746.67177596781402826, 909111.20453711634036154 7011739.39466486312448978, 909100.49560210201889277 7011730.26115726586431265, 909029.69640595745295286 7011669.79834353178739548, 909025.62211259454488754 7011679.73002999275922775, 909027.90416215558070689 7011682.21759452298283577, 909020.92443008290138096 7011689.79167637415230274, 909083.10749764007050544 7011742.23496508598327637, 909059.14041127217933536 7011771.90038351528346539, 909003.23576299590058625 7011726.12137983087450266, 908999.07241404033266008 7011735.42195905465632677, 909001.09842877264600247 7011736.96277462411671877, 908994.33020373247563839 7011745.27947102952748537, 909051.68200538912788033 7011792.13530673645436764, 909042.94342536188196391 7011803.18099750950932503, 909037.15481184050440788 7011798.59564166516065598, 909034.98408176994416863 7011801.32457781862467527, 909022.0487569400575012 7011817.60539321694523096, 908978.36698875250294805 7011782.16635190043598413, 908974.40401488053612411 7011791.52268904075026512, 908979.64716289681382477 7011795.60680789779871702, 908977.63228011352475733 7011798.26148628443479538, 908976.38550181651953608 7011797.3518411461263895, 908971.53197201795410365 7011803.55228150077164173, 909013.00961428752634674 7011836.76370432041585445, 909007.72193847503513098 7011843.65105416253209114, 909003.09104765788652003 7011840.1052749315276742, 908984.93483870942145586 7011863.19927898608148098, 908953.85443687997758389 7011838.4159251693636179, 908949.80240741511806846 7011847.36391368974000216, 908954.98989568615797907 7011851.61513996869325638, 908953.00840874994173646 7011854.10275814775377512, 908952.1735125690465793 7011853.50870000384747982, 908947.17526743258349597 7011859.63492672611027956)))",27242071,10065.98,commercial
531,yes,"MultiPolygon (((909140.04741718096192926 7012597.11851303279399872, 909146.88243391562718898 7012579.46222050301730633, 909123.34949356189463288 7012570.36488210037350655, 909116.5256087762536481 7012588.03972050175070763, 909140.04741718096192926 7012597.11851303279399872)))",684480201,477.69,commercial
20,yes,"MultiPolygon (((909509.87302949419245124 7012461.60607740934938192, 909493.2641614677850157 7012490.45727836340665817, 909495.36809984385035932 7012497.10383753292262554, 909501.14558141608722508 7012500.53851413354277611, 909431.28146899410057813 7012619.28640572261065245, 909355.25025678251404315 7012574.56079607363790274, 909328.22188441792968661 7012620.49320232402533293, 909406.33477110741659999 7012666.44443951640278101, 909408.82832770107779652 7012662.2113447692245245, 909458.67719567834865302 7012695.37064714170992374, 909583.44408095953986049 7012505.66268306132405996, 909509.87302949419245124 7012461.60607740934938192)))",28480066,20461.49,commercial
465,yes,"MultiPolygon (((910808.57073688483797014 7011573.21101764868944883, 910800.5668654969194904 7011549.54238196462392807, 910799.17537186178378761 7011550.02503579389303923, 910797.75048237980809063 7011545.82966117560863495, 910790.29207649652380496 7011548.35431112255901098, 910791.70583402970805764 7011552.54968707356601954, 910782.80027476628310978 7011555.55699331127107143, 910790.7930142052937299 7011579.2256468553096056, 910808.57073688483797014 7011573.21101764868944883)))",249075122,503.53,commercial
463,yes,"MultiPolygon (((910809.8843068762216717 7011528.54696866776794195, 910794.22165452153421938 7011534.11603842675685883, 910796.23653730493970215 7011539.7593664163723588, 910811.8880577104864642 7011534.20885628554970026, 910809.8843068762216717 7011528.54696866776794195)))",249075120,99.67,commercial
76,yes,"MultiPolygon (((910348.56520507985260338 7010962.28570618387311697, 910371.75305501208640635 7010991.07579326350241899, 910387.31551982497330755 7010978.52768320869654417, 910364.1276698928559199 7010949.73764145374298096, 910348.56520507985260338 7010962.28570618387311697)))",89416518,739.01,commercial
77,yes,"MultiPolygon (((910236.86722801777068526 7011066.55049327481538057, 910251.6393244459759444 7011129.21768347825855017, 910321.92645093309693038 7011107.29524840787053108, 910272.67870820604730397 7011045.96472581010311842, 910260.15526549168862402 7011053.16695401072502136, 910251.98441486770752817 7011057.86325579881668091, 910236.86722801777068526 7011066.55049327481538057)))",89416519,3969.27,commercial
78,yes,"MultiPolygon (((910418.42931750183925033 7011017.15587809961289167, 910466.12971930659841746 7011076.38861553091555834, 910498.05614926619455218 7011050.67958580050617456, 910473.46567374980077147 7011020.1444199588149786, 910499.89292086416389793 7010998.87196626327931881, 910422.48134696658235043 7010902.73826095834374428, 910371.75305501208640635 7010943.61211407091468573, 910364.1276698928559199 7010949.73764145374298096, 910387.31551982497330755 7010978.52768320869654417, 910418.42931750183925033 7011017.15587809961289167)))",89416521,10853.18,commercial
43,yes,"MultiPolygon (((909721.8253399645909667 7012516.30091384891420603, 909744.34527295210864395 7012479.48489812947809696, 909701.48726899665780365 7012453.14010776299983263, 909672.81136816833168268 7012469.34799173660576344, 909673.10079884435981512 7012487.5981456832960248, 909721.8253399645909667 7012516.30091384891420603)))",88382900,2596.45,commercial
54,yes,"MultiPolygon (((909627.48207151726819575 7011805.92849943973124027, 909584.93576213612686843 7011901.73893959075212479, 909798.04579531087074429 7011994.28315349109470844, 909813.75297546165529639 7011957.56237191334366798, 909751.38066477014217526 7011930.90371029730886221, 909770.36063795047812164 7011886.47899388708174229, 909706.8083406564546749 7011859.31933311093598604, 909709.54680013027973473 7011852.91464190371334553, 909708.97907072701491416 7011851.29954667575657368, 909708.43360522214788944 7011849.75870900135487318, 909640.17249346768949181 7011819.42468822281807661, 909643.10019607562571764 7011812.8715152982622385, 909627.48207151726819575 7011805.92849943973124027)))",88453865,18085.09,commercial
488,yes,"MultiPolygon (((909964.91371201002039015 7011460.21479957364499569, 909948.57201076147612184 7011378.70332605578005314, 909921.49911060067825019 7011384.14234855026006699, 909937.84081184898968786 7011465.63531427644193172, 909964.91371201002039015 7011460.21479957364499569)))",262579075,2295.23,commercial
55,yes,"MultiPolygon (((909779.0880860285833478 7011895.74263140745460987, 909878.66337054327595979 7011937.60549636837095022, 909892.37793180893640965 7011904.98771526105701923, 909792.80264729436021298 7011863.12502162717282772, 909779.0880860285833478 7011895.74263140745460987)))",88453866,3822.05,commercial
60,yes,"MultiPolygon (((910239.77266672777477652 7011436.39799268543720245, 910281.36162848793901503 7011427.20914233569055796, 910275.61754276289138943 7011401.18340551014989614, 910258.3630216900492087 7011405.00743854604661465, 910250.81556021433789283 7011370.83252874668687582, 910226.46998757787514478 7011376.21585625316947699, 910239.77266672777477652 7011436.39799268543720245)))",89353679,2007.36,commercial
61,yes,"MultiPolygon (((910155.97135405836161226 7011493.96313260681927204, 910182.83274718676693738 7011488.02282159961760044, 910188.02023545780684799 7011511.4685123497620225, 910244.08073102124035358 7011499.06809091474860907, 910223.14153480320237577 7011404.28347098641097546, 910215.37143434572499245 7011406.00985527876764536, 910218.1432896665064618 7011418.52151175122708082, 910142.96923753363080323 7011435.13568534702062607, 910155.97135405836161226 7011493.96313260681927204)))",89353686,6597.44,commercial
62,yes,"MultiPolygon (((910575.7905496871098876 7011339.75780586246401072, 910716.63196943874936551 7011309.98261754494160414, 910720.55041551461908966 7011328.50856328476220369, 910785.28269941080361605 7011314.8275751480832696, 910740.02019445423502475 7011100.70553585141897202, 910534.43535885738674551 7011144.1791767468675971, 910575.7905496871098876 7011339.75780586246401072)))",89353687,43258.76,commercial
478,yes,"MultiPolygon (((909604.8730829373234883 7012524.74838471598923206, 909601.54463016241788864 7012525.23109760507941246, 909599.10673331399448216 7012523.72726138681173325, 909594.01943258487153798 7012524.59985767584294081, 909591.06946607865393162 7012529.38985603302717209, 909591.69285522715654224 7012534.95962518360465765, 909595.91186392842791975 7012537.5588521184399724, 909593.66321021434850991 7012541.21633717324584723, 909594.87659266393166035 7012546.95320797152817249, 909599.03994161961600184 7012549.51530694123357534, 909596.82468375272583216 7012553.09853370022028685, 909598.28296908235643059 7012559.02107264194637537, 909596.2235585026210174 7012562.3629460958763957, 909590.79116735188290477 7012563.32837646175175905, 909588.42006219795439392 7012567.17153312731534243, 909590.4794727775733918 7012572.55566876661032438, 909588.25308296177536249 7012576.15747188031673431, 909568.9280193600570783 7012580.20486082974821329, 909567.19143530365545303 7012583.0268947072327137, 909563.98543396883178502 7012581.0588972931727767, 909558.77568179985973984 7012582.02432992402464151, 909555.39156927971635014 7012587.51987175550311804, 909556.07061817357316613 7012593.47956836316734552, 909551.3172759166918695 7012594.14794583059847355, 909522.37420831038616598 7012641.13873550854623318, 909522.9196738152531907 7012645.42751755099743605, 909526.87151573831215501 7012647.85968500748276711, 909527.27226590539794415 7012652.53836038522422314, 909525.13493168202694505 7012655.99167016334831715, 909520.59309645753819495 7012656.47439100407063961, 909517.38709512271452695 7012661.69149118661880493, 909518.22199130360968411 7012667.18708794843405485, 909515.49466377939097583 7012671.62441378273069859, 909520.38158942514564842 7012674.63214231748133898, 909521.63949967105872929 7012678.17829285096377134, 909518.57821367413271219 7012683.13547975476831198, 909514.7933509872527793 7012683.71103349234908819, 909504.22913131082896143 7012677.19428233802318573, 909500.19936574425082654 7012683.72959974128752947, 909494.64452315389644355 7012685.40056244097650051, 909488.53308310906868428 7012695.31494830641895533, 909489.80212530435528606 7012701.59035248123109341, 909486.08405431173741817 7012707.62439961265772581, 909557.74041053536348045 7012751.75663093570619822, 909585.88197780784685165 7012706.06483006943017244, 909575.19530669157393277 7012699.49236178211867809, 909578.67960675363428891 7012693.84821254294365644, 909583.39955316320993006 7012693.36548944003880024, 909586.26046407641842961 7012688.16693478263914585, 909585.23632476129569113 7012683.19117850065231323, 909587.51837432256434113 7012679.47792956978082657, 909591.71511912543792278 7012678.23399156704545021, 909594.78753707150463015 7012673.25824148673564196, 909594.03056453389581293 7012668.91374582424759865, 909589.64457659667823464 7012666.20307879149913788, 909593.22906420018989593 7012660.37329117301851511, 909599.03994161961600184 7012663.95656776987016201, 909636.94422823481727391 7012602.40983859915286303, 909640.94059795420616865 7012601.37013926170766354, 909644.3358424233738333 7012595.85602183453738689, 909643.24491141375619918 7012591.08454956393688917, 909640.16136151866521686 7012589.19081428181380033, 909642.42114718188531697 7012585.5147411897778511, 909645.50469707674346864 7012587.40847560204565525, 909650.91482432931661606 7012586.68440062366425991, 909653.66441575181670487 7012582.2656881008297205, 909652.25065821886528283 7012576.45452788285911083, 909654.20988125680014491 7012573.2797424616292119, 909659.83151554199866951 7012572.35144286602735519, 909662.97072518221102655 7012567.26436301972717047, 909660.97810629708692431 7012562.28868222236633301, 909657.53833403158932924 7012560.17216223105788231, 909660.0764184215804562 7012556.05051964428275824, 909659.33057783322874457 7012551.18624149821698666, 909654.29893684946000576 7012548.08572987839579582, 909649.91294891212601215 7012549.29251569416373968, 909645.56035682221408933 7012546.6190212070941925, 909645.50469707674346864 7012542.66447892412543297, 909639.69381965743377805 7012539.08125686086714268, 909635.30783172009978443 7012540.28804131224751472, 909630.96637157909572124 7012537.61454984731972218, 909630.89957988471724093 7012533.67857793159782887, 909625.18889000709168613 7012530.15105758607387543, 909620.81403401866555214 7012531.32070889323949814, 909619.78989470342639834 7012530.68946848716586828, 909616.47257387789431959 7012528.6472204364836216, 909616.39465023449156433 7012524.72981883026659489, 909611.40753704670350999 7012521.68501512333750725, 909606.32023631746415049 7012522.39051831979304552, 909604.8730829373234883 7012524.74838471598923206)))",250787031,16331.12,commercial
202,yes,"MultiPolygon (((909575.84095973835792392 7011445.90243085846304893, 909563.75166303827427328 7011408.05181567464023829, 909549.19107364246156067 7011412.71119999513030052, 909554.81270792742725462 7011430.29065460991114378, 909559.96680035116150975 7011428.65708168968558311, 909566.43446276627946645 7011448.90969686210155487, 909575.84095973835792392 7011445.90243085846304893)))",99861703,492.25,commercial
204,yes,"MultiPolygon (((909696.8118503832956776 7011416.9250678401440382, 909720.43384632968809456 7011409.49975154921412468, 909717.29463668935932219 7011399.51271203812211752, 909693.67264074308332056 7011406.9380190297961235, 909696.8118503832956776 7011416.9250678401440382)))",99861705,259.22,commercial
203,yes,"MultiPolygon (((909634.75123426620848477 7011422.80963591858744621, 909674.60361197020392865 7011411.82016214542090893, 909672.58872918679844588 7011404.48766695894300938, 909730.66410753363743424 7011388.46758068818598986, 909728.6492247503483668 7011381.17223341576755047, 909760.41980742267332971 7011372.41040022484958172, 909752.33801239111926407 7011343.09916809573769569, 909723.13890995597466826 7011351.15556947886943817, 909725.28737612825352699 7011358.93353153578937054, 909712.4077110436046496 7011362.47909670881927013, 909710.96055766323115677 7011357.22572060022503138, 909672.08779147814493626 7011367.95523450244218111, 909674.35870909038931131 7011376.19729304872453213, 909625.61190407199319452 7011389.65562769211828709, 909634.75123426620848477 7011422.80963591858744621)))",99861704,4395.18,commercial
315,yes,"MultiPolygon (((909619.57838767091743648 7012845.96314556058496237, 909594.13075207557994872 7012887.27400035224854946, 909658.49568165256641805 7012926.91405559796839952, 909683.94331724778749049 7012885.60299532581120729, 909681.04901048704050481 7012883.82059035357087851, 909619.57838767091743648 7012845.96314556058496237)))",110175021,3667.72,commercial
